Feature name,Count,% Miss,Card,Min,1st Qrt,Mean,Median,3rd Qrt,Max,Standard deviation
fnlwgt,30940,0.0,20880,12285,117849.0,189786.4,178384.0,237318.0,1484705,105404.6909723023
education-num,30940,0.0,16,1,9.0,10.08,10.0,12.0,16,2.569925305225942
capital-gain,30940,0.0,119,0,0.0,1081.81,0.0,0.0,99999,7443.652746633172
capital-loss,30940,0.0,91,0,0.0,86.57,0.0,0.0,4356,401.69953143936476
hours-per-week,30940,0.0,93,1,40.0,40.41,40.0,45.0,99,12.336745604573641
